metaphysics,epistemology,ethics,logic,consciousness,existence,knowledge,reality,measurement_set,politics,technology,economics,society,health,environment,innovation,culture
0.47354316233499805,0.8193771909110085,0.18293719364957428,0.3398203367411512,0.9279298784799819,0.04625871081022426,0.7051453122186006,0.3988872430194086,1,0.5164685669125213,0.5326110497901705,0.4633728631449384,0.5052498787073858,0.4970484634459938,0.4910809627747669,0.5301601035809941,0.48462277950235755
0.611318147768645,0.24494845342967675,0.9666905129254916,0.22976072712698525,0.5967002547794732,0.8809771852668388,0.3512815955112819,0.17161710146968068,1,0.5164685669125213,0.5326110497901705,0.4633728631449384,0.5052498787073858,0.4970484634459938,0.4910809627747669,0.5301601035809941,0.48462277950235755
0.11675986899959345,0.7278846182094729,0.09886496001838507,0.8670428215218731,0.04764564736981747,0.2894732750559299,0.864434037309617,0.5309356551327583,1,0.5164685669125213,0.5326110497901705,0.4633728631449384,0.5052498787073858,0.4970484634459938,0.4910809627747669,0.5301601035809941,0.48462277950235755
0.8657390123985953,0.7248378857036171,0.18486587756813688,0.05795805883811389,0.015966427856864196,0.6983553243508633,0.8489062987851337,0.47782281345818833,1,0.5164685669125213,0.5326110497901705,0.4633728631449384,0.5052498787073858,0.4970484634459938,0.4910809627747669,0.5301601035809941,0.48462277950235755
0.3551699194248925,0.6333322197934798,0.9219604510563131,0.13607037605896588,0.3569192618534549,0.2710397732917308,0.34388045191733807,0.22191865454310133,1,0.5164685669125213,0.5326110497901705,0.4633728631449384,0.5052498787073858,0.4970484634459938,0.4910809627747669,0.5301601035809941,0.48462277950235755
0.3487416178428433,0.19095120213869998,0.8706636785239303,0.36136167087295856,0.39175310314858447,0.9462496627149104,0.39043152622515476,0.7217964707187514,1,0.5164685669125213,0.5326110497901705,0.4633728631449384,0.5052498787073858,0.4970484634459938,0.4910809627747669,0.5301601035809941,0.48462277950235755
0.4515502505538511,0.90737967576294,0.281830868843327,0.7814813875559468,0.9977541383247401,0.3851943585056903,0.8241816025421917,0.3036872313778094,1,0.5164685669125213,0.5326110497901705,0.4633728631449384,0.5052498787073858,0.4970484634459938,0.4910809627747669,0.5301601035809941,0.48462277950235755
0.5624103014013877,0.6806986298250027,0.5638532920615035,0.27746056976151734,0.18075497539188268,0.9670281094826263,0.412205026999534,0.196908375286589,1,0.5164685669125213,0.5326110497901705,0.4633728631449384,0.5052498787073858,0.4970484634459938,0.4910809627747669,0.5301601035809941,0.48462277950235755
0.83990493297291,0.5278167058663842,0.8282777522678877,0.06777375956842002,0.05610781171524204,0.31055318365392004,0.7823930822116362,0.2562824235536961,1,0.5164685669125213,0.5326110497901705,0.4633728631449384,0.5052498787073858,0.4970484634459938,0.4910809627747669,0.5301601035809941,0.48462277950235755
0.5454574748708919,0.16829431204333678,0.7153656511179651,0.9086996601151518,0.6083602764487479,0.4333427866976214,0.8356837485769835,0.5552997193943935,1,0.5164685669125213,0.5326110497901705,0.4633728631449384,0.5052498787073858,0.4970484634459938,0.4910809627747669,0.5301601035809941,0.48462277950235755
0.12129394896079004,0.3434576552233317,0.7971984445561268,0.20994978168772715,0.8916122930686767,0.6076081499046441,0.6764048569687777,0.9123993759856995,1,0.5164685669125213,0.5326110497901705,0.4633728631449384,0.5052498787073858,0.4970484634459938,0.4910809627747669,0.5301601035809941,0.48462277950235755
0.8016546385493335,0.6972742403661634,0.6236373361624848,0.16950626334815388,0.8740325714224761,0.5516997771504513,0.6593974591223807,0.27084099483313373,1,0.5164685669125213,0.5326110497901705,0.4633728631449384,0.5052498787073858,0.4970484634459938,0.4910809627747669,0.5301601035809941,0.48462277950235755
0.051113929479433384,0.13740151762179098,0.5986771114551566,0.01465151127446207,0.500233937996969,0.5331666665191501,0.8405127588944341,0.06695645776062487,1,0.5164685669125213,0.5326110497901705,0.4633728631449384,0.5052498787073858,0.4970484634459938,0.4910809627747669,0.5301601035809941,0.48462277950235755
0.9234925726618455,0.9642703692774598,0.34924378096421005,0.5974893678463874,0.6206904063567478,0.5944041024645367,0.56747754169144,0.3830197062190104,1,0.5164685669125213,0.5326110497901705,0.4633728631449384,0.5052498787073858,0.4970484634459938,0.4910809627747669,0.5301601035809941,0.48462277950235755
0.1773876468576413,0.796159921223164,0.232936808485388,0.8969917233662916,0.06100364199867725,0.6107744154587,0.4635469656774849,0.12617882160840277,1,0.5164685669125213,0.5326110497901705,0.4633728631449384,0.5052498787073858,0.4970484634459938,0.4910809627747669,0.5301601035809941,0.48462277950235755
0.187390694502501,0.9630024501007862,0.19860604027178907,0.13379297602742424,0.8114026609875465,0.9082809383656847,0.749527301403525,0.9382911745825269,1,0.5164685669125213,0.5326110497901705,0.4633728631449384,0.5052498787073858,0.4970484634459938,0.4910809627747669,0.5301601035809941,0.48462277950235755
0.6726087827285758,0.3666892765249531,0.8243980574864066,0.9513010460912962,0.29539504354370016,0.4019524421581816,0.7196670255713159,0.7338372884801284,1,0.5164685669125213,0.5326110497901705,0.4633728631449384,0.5052498787073858,0.4970484634459938,0.4910809627747669,0.5301601035809941,0.48462277950235755
0.23652863896132703,0.6551004887923196,0.375069544943205,0.48831034145943975,0.48228553943121777,0.719580401198174,0.9320578745210057,0.7952504661713874,1,0.5164685669125213,0.5326110497901705,0.4633728631449384,0.5052498787073858,0.4970484634459938,0.4910809627747669,0.5301601035809941,0.48462277950235755
0.7630613292198427,0.15393665154003366,0.7934321879772535,0.8064632700994704,0.16380779001755463,0.0780197071117763,0.5513308652985051,0.5599223854432421,1,0.5164685669125213,0.5326110497901705,0.4633728631449384,0.5052498787073858,0.4970484634459938,0.4910809627747669,0.5301601035809941,0.48462277950235755
0.25612011913864785,0.010859872786762814,0.229016953863852,0.02419201695828055,0.4979417727165055,0.9668899251058835,0.4333134025637958,0.46893218446800833,1,0.5164685669125213,0.5326110497901705,0.4633728631449384,0.5052498787073858,0.4970484634459938,0.4910809627747669,0.5301601035809941,0.48462277950235755
0.4856698777284342,0.48901138898448754,0.5132406933969509,0.5065569732597867,0.49663093916815254,0.4679447011487968,0.5600428265503588,0.44574999482554406,2,0.05659317788978391,0.8292843208331715,0.8368563861062364,0.8272340642082985,0.38743490288857774,0.6889082551048427,0.30748459903815173,0.8185829623148754
0.4856698777284342,0.48901138898448754,0.5132406933969509,0.5065569732597867,0.49663093916815254,0.4679447011487968,0.5600428265503588,0.44574999482554406,2,0.7542367661932577,0.07306441960029553,0.718093589088216,0.7283098633321222,0.3958819887778071,0.9925636062156289,0.8029341437720111,0.7288326389133885
0.4856698777284342,0.48901138898448754,0.5132406933969509,0.5065569732597867,0.49663093916815254,0.4679447011487968,0.5600428265503588,0.44574999482554406,2,0.24994771766658963,0.6025874081108707,0.15654713825979527,0.9154493197574473,0.9708264096490489,0.2928431455356272,0.4106282226052944,0.8040742535820167
0.4856698777284342,0.48901138898448754,0.5132406933969509,0.5065569732597867,0.49663093916815254,0.4679447011487968,0.5600428265503588,0.44574999482554406,2,0.07561608702311307,0.032256981115272976,0.7657350255419297,0.04086278486235739,0.7538698230800898,0.47486326790806066,0.9885723203022416,0.42048757332076936
0.4856698777284342,0.48901138898448754,0.5132406933969509,0.5065569732597867,0.49663093916815254,0.4679447011487968,0.5600428265503588,0.44574999482554406,2,0.7283386659454121,0.9148933993428859,0.8755775555213737,0.9216106981211679,0.8994361305179397,0.21433946702462714,0.6408687022628863,0.32701062006465653
0.4856698777284342,0.48901138898448754,0.5132406933969509,0.5065569732597867,0.49663093916815254,0.4679447011487968,0.5600428265503588,0.44574999482554406,2,0.757236469856043,0.2268926461620604,0.4731935207938419,0.4001134869467555,0.4647437040700223,0.6226055827427286,0.8830645167050647,0.4714348068341816
0.4856698777284342,0.48901138898448754,0.5132406933969509,0.5065569732597867,0.49663093916815254,0.4679447011487968,0.5600428265503588,0.44574999482554406,2,0.6094327294968992,0.7648659163895482,0.24362030676848334,0.8609845852637743,0.3475117590572153,0.9520877584042053,0.6278497493115069,0.9830351862986997
0.4856698777284342,0.48901138898448754,0.5132406933969509,0.5065569732597867,0.49663093916815254,0.4679447011487968,0.5600428265503588,0.44574999482554406,2,0.3095467603773435,0.1047294714314082,0.8560831234560898,0.8621498981628548,0.06952202146398578,0.861818634598349,0.6571235160671616,0.28249098981629284
0.4856698777284342,0.48901138898448754,0.5132406933969509,0.5065569732597867,0.49663093916815254,0.4679447011487968,0.5600428265503588,0.44574999482554406,2,0.10903180686475378,0.17560198584788456,0.938539415670392,0.2160218226191295,0.4870606884174645,0.853341250240453,0.8136039334345452,0.25621742921311363
0.4856698777284342,0.48901138898448754,0.5132406933969509,0.5065569732597867,0.49663093916815254,0.4679447011487968,0.5600428265503588,0.44574999482554406,2,0.9863403515968052,0.3693064528477049,0.1832814671344325,0.7374731522580166,0.3699140115951359,0.550287320079532,0.4759587196711622,0.7189846807474393
0.4856698777284342,0.48901138898448754,0.5132406933969509,0.5065569732597867,0.49663093916815254,0.4679447011487968,0.5600428265503588,0.44574999482554406,2,0.7547986369781541,0.14973840179811537,0.7973902401437825,0.26807130475875973,0.44757698502242504,0.609223043187508,0.8191444042513664,0.6199507760365964
0.4856698777284342,0.48901138898448754,0.5132406933969509,0.5065569732597867,0.49663093916815254,0.4679447011487968,0.5600428265503588,0.44574999482554406,2,0.5793513807619375,0.2951781605850874,0.37572592161663465,0.7068703065028835,0.1331668854443434,0.5305917667277336,0.23451009201765938,0.5314813392130557
0.4856698777284342,0.48901138898448754,0.5132406933969509,0.5065569732597867,0.49663093916815254,0.4679447011487968,0.5600428265503588,0.44574999482554406,2,0.532895836482961,0.9007760159952226,0.9961715638132826,0.8934313525486773,0.7039767323583076,0.18187314798128706,0.25014085825189947,0.16506816006508862
0.4856698777284342,0.48901138898448754,0.5132406933969509,0.5065569732597867,0.49663093916815254,0.4679447011487968,0.5600428265503588,0.44574999482554406,2,0.7237258136149014,0.8204192740088492,0.4003515441048787,0.558380371009934,0.22465966089034128,0.6801820639496305,0.7318302173666587,0.6675795663306707
0.4856698777284342,0.48901138898448754,0.5132406933969509,0.5065569732597867,0.49663093916815254,0.4679447011487968,0.5600428265503588,0.44574999482554406,2,0.7149059677643915,0.8492160828092559,0.04376058442281627,0.9272841377352464,0.03824180807632771,0.34727506416542586,0.6796071134738275,0.23697736647782452
0.4856698777284342,0.48901138898448754,0.5132406933969509,0.5065569732597867,0.49663093916815254,0.4679447011487968,0.5600428265503588,0.44574999482554406,2,0.21418373072557195,0.27713521006019604,0.29379363875380315,0.5208359394144013,0.6058846496824226,0.05063730284522672,0.5109569254629578,0.6239472485120808
0.4856698777284342,0.48901138898448754,0.5132406933969509,0.5065569732597867,0.49663093916815254,0.4679447011487968,0.5600428265503588,0.44574999482554406,2,0.2858060523067568,0.8414957671655499,0.33122578337825537,0.8269732386535603,0.5770176352158383,0.37843478152729726,0.6380165896083619,0.584148542108484
0.4856698777284342,0.48901138898448754,0.5132406933969509,0.5065569732597867,0.49663093916815254,0.4679447011487968,0.5600428265503588,0.44574999482554406,2,0.7496172093716246,0.5988620969707714,0.7068937190993985,0.18298460273207073,0.4640378122920178,0.2462547583634579,0.8310380529680492,0.7381842689959508
0.4856698777284342,0.48901138898448754,0.5132406933969509,0.5065569732597867,0.49663093916815254,0.4679447011487968,0.5600428265503588,0.44574999482554406,2,0.04101736692181834,0.04238184945296675,0.1950819335587668,0.9511640664896589,0.45191197346951995,0.18194044606688053,0.9133374437568939,0.7988393605857987
0.4856698777284342,0.48901138898448754,0.5132406933969509,0.5065569732597867,0.49663093916815254,0.4679447011487968,0.5600428265503588,0.44574999482554406,2,0.8288974169737378,0.7264707303104596,0.40264331205134307,0.8667750888760601,0.29703714190235264,0.8775104435069558,0.07970316938901234,0.21208916754536944
0.34533303738812904,0.11469359486682729,0.9885109586764973,0.4219917521847998,0.1441034568917542,0.15366346833369782,0.3929139311340205,0.10862667691323302,3,0.5164685669125213,0.5326110497901705,0.4633728631449384,0.5052498787073858,0.4970484634459938,0.4910809627747669,0.5301601035809941,0.48462277950235755
0.662414211078353,0.0660114654489099,0.4217600529545209,0.31366224759002836,0.10183113263984844,0.37300387565096405,0.794368783958344,0.4079573433403385,3,0.5164685669125213,0.5326110497901705,0.4633728631449384,0.5052498787073858,0.4970484634459938,0.4910809627747669,0.5301601035809941,0.48462277950235755
0.25607309351366336,0.8027543968673608,0.9973951162625122,0.5887389617132719,0.8258965648581925,0.4154292813870579,0.721034147071414,0.7282985779513389,3,0.5164685669125213,0.5326110497901705,0.4633728631449384,0.5052498787073858,0.4970484634459938,0.4910809627747669,0.5301601035809941,0.48462277950235755
0.5872993171497553,0.8504543178445896,0.7322876113972508,0.4220060641321821,0.7882680396241845,0.905372396923392,0.6756074158688745,0.6036589313751713,3,0.5164685669125213,0.5326110497901705,0.4633728631449384,0.5052498787073858,0.4970484634459938,0.4910809627747669,0.5301601035809941,0.48462277950235755
0.8648756450261034,0.31809842979725533,0.890018155676026,0.7760672127113775,0.6761114286374066,0.7419620747088951,0.46929626028813454,0.4721260864963067,3,0.5164685669125213,0.5326110497901705,0.4633728631449384,0.5052498787073858,0.4970484634459938,0.4910809627747669,0.5301601035809941,0.48462277950235755
0.7879390961871187,0.9096350303387686,0.583899793050722,0.5988075481425534,0.7132624612306604,0.05631137340126535,0.6956380420621069,0.03696383488599264,3,0.5164685669125213,0.5326110497901705,0.4633728631449384,0.5052498787073858,0.4970484634459938,0.4910809627747669,0.5301601035809941,0.48462277950235755
0.09006201296423488,0.28622837308301863,0.5846031300840582,0.8291835255522126,0.5854080206994352,0.16310261248838376,0.14107971147486642,0.36090856171578556,3,0.5164685669125213,0.5326110497901705,0.4633728631449384,0.5052498787073858,0.4970484634459938,0.4910809627747669,0.5301601035809941,0.48462277950235755
0.7694009372577979,0.508667876160952,0.859251385775655,0.4372949782728873,0.19076598728485517,0.28638382717791633,0.6500707066268345,0.9452966302696523,3,0.5164685669125213,0.5326110497901705,0.4633728631449384,0.5052498787073858,0.4970484634459938,0.4910809627747669,0.5301601035809941,0.48462277950235755
0.8623815743129483,0.011491703145220744,0.07202519672545127,0.5757148932468167,0.3486572975802593,0.21179567700549096,0.4017593654662711,0.4579887471606485,3,0.5164685669125213,0.5326110497901705,0.4633728631449384,0.5052498787073858,0.4970484634459938,0.4910809627747669,0.5301601035809941,0.48462277950235755
0.3993217670354161,0.566928609036264,0.1182464097181335,0.08185454047709706,0.1742997998731507,0.22546470429198806,0.7320755426333446,0.29295822580521946,3,0.5164685669125213,0.5326110497901705,0.4633728631449384,0.5052498787073858,0.4970484634459938,0.4910809627747669,0.5301601035809941,0.48462277950235755
0.7938882726972236,0.6384454650054354,0.229807680632228,0.1750173027144385,0.22671381681412417,0.9388080191978495,0.18257264035175003,0.8697863427131579,3,0.5164685669125213,0.5326110497901705,0.4633728631449384,0.5052498787073858,0.4970484634459938,0.4910809627747669,0.5301601035809941,0.48462277950235755
0.03151434617566928,0.8464517601892162,0.5644984798339026,0.006831476295002914,0.35083445564158977,0.005477292745602491,0.936330836027091,0.738990401001246,3,0.5164685669125213,0.5326110497901705,0.4633728631449384,0.5052498787073858,0.4970484634459938,0.4910809627747669,0.5301601035809941,0.48462277950235755
0.052463574699056936,0.24830607680388972,0.813436447201073,0.7861187993427627,0.044334678679333384,0.17720962661293715,0.3214424464842306,0.7325973117148514,3,0.5164685669125213,0.5326110497901705,0.4633728631449384,0.5052498787073858,0.4970484634459938,0.4910809627747669,0.5301601035809941,0.48462277950235755
0.6696958402475687,0.21603641613314728,0.32736143655650074,0.05920323654174753,0.38340046764645463,0.41952743741247345,0.9833987482832681,0.36327610368619667,3,0.5164685669125213,0.5326110497901705,0.4633728631449384,0.5052498787073858,0.4970484634459938,0.4910809627747669,0.5301601035809941,0.48462277950235755
0.9885097114762271,0.8931352019390952,0.20343546787613898,0.598941139341835,0.705029970882752,0.3928189110708279,0.08449888687501161,0.21596907284106215,3,0.5164685669125213,0.5326110497901705,0.4633728631449384,0.5052498787073858,0.4970484634459938,0.4910809627747669,0.5301601035809941,0.48462277950235755
0.01370150068930509,0.6078854132645484,0.49324811603436824,0.842883503154826,0.6938328225642985,0.5518430900013539,0.3044045814904184,0.05666996908375388,3,0.5164685669125213,0.5326110497901705,0.4633728631449384,0.5052498787073858,0.4970484634459938,0.4910809627747669,0.5301601035809941,0.48462277950235755
0.20863546333179683,0.9121959347023041,0.455592080996714,0.2028782462157851,0.08415489558815847,0.6880876632079689,0.8208441055014838,0.2887688951880957,3,0.5164685669125213,0.5326110497901705,0.4633728631449384,0.5052498787073858,0.4970484634459938,0.4910809627747669,0.5301601035809941,0.48462277950235755
0.3891450280845492,0.8067102492499053,0.07432427658428042,0.10783381026101357,0.8623552395154341,0.5017516415880127,0.9939971655320677,0.0798220053981964,3,0.5164685669125213,0.5326110497901705,0.4633728631449384,0.5052498787073858,0.4970484634459938,0.4910809627747669,0.5301601035809941,0.48462277950235755
0.8463444923109169,0.1521443415027499,0.798165767711637,0.6844331556227815,0.10137198750356191,0.2837777740847336,0.5060754045129277,0.24027434292400485,3,0.5164685669125213,0.5326110497901705,0.4633728631449384,0.5052498787073858,0.4970484634459938,0.4910809627747669,0.5301601035809941,0.48462277950235755
0.2975709442241721,0.11426832800897124,0.9204354096334944,0.36886429347100747,0.31759507719382685,0.6593219287720247,0.9494184246626945,0.3839950813972306,3,0.5164685669125213,0.5326110497901705,0.4633728631449384,0.5052498787073858,0.4970484634459938,0.4910809627747669,0.5301601035809941,0.48462277950235755
0.4856698777284342,0.48901138898448754,0.5132406933969509,0.5065569732597867,0.49663093916815254,0.4679447011487968,0.5600428265503588,0.44574999482554406,4,0.5996132731517516,0.5571988906331703,0.516864196392699,0.06181295940315501,0.4377146031155563,0.8781805477971163,0.47935375477578557,0.4339510296547807
0.4856698777284342,0.48901138898448754,0.5132406933969509,0.5065569732597867,0.49663093916815254,0.4679447011487968,0.5600428265503588,0.44574999482554406,4,0.625306725506233,0.5441002369077111,0.3581446836378396,0.4054792076436463,0.39375510362625055,0.3842279311921526,0.6111739897301094,0.8290933198273377
0.4856698777284342,0.48901138898448754,0.5132406933969509,0.5065569732597867,0.49663093916815254,0.4679447011487968,0.5600428265503588,0.44574999482554406,4,0.13026912295407778,0.32277264395886585,0.982602937677676,0.5864842045992553,0.2357495378487089,0.10050067833979037,0.9212328810029057,0.689789717637519
0.4856698777284342,0.48901138898448754,0.5132406933969509,0.5065569732597867,0.49663093916815254,0.4679447011487968,0.5600428265503588,0.44574999482554406,4,0.3752860356417451,0.49822497382540265,0.07597174174071153,0.2169432051472645,0.8772052972226851,0.17934063404400036,0.26531983489195454,0.5039058935221938
0.4856698777284342,0.48901138898448754,0.5132406933969509,0.5065569732597867,0.49663093916815254,0.4679447011487968,0.5600428265503588,0.44574999482554406,4,0.29343651726692344,0.8470439938853359,0.9077903034822681,0.01675615349094961,0.31869153468246214,0.44969761216360715,0.7018799329037766,0.9494367534113358
0.4856698777284342,0.48901138898448754,0.5132406933969509,0.5065569732597867,0.49663093916815254,0.4679447011487968,0.5600428265503588,0.44574999482554406,4,0.12850126164802655,0.477867688165139,0.7473507171633146,0.4077102098765395,0.4313096517485302,0.48818672228440396,0.10318835154610628,0.46369690657303175
0.4856698777284342,0.48901138898448754,0.5132406933969509,0.5065569732597867,0.49663093916815254,0.4679447011487968,0.5600428265503588,0.44574999482554406,4,0.6019045384834929,0.035583646834375204,0.2219895807347093,0.16978884887087253,0.4861092795884533,0.014721281177349166,0.6738659935666723,0.20341976913109783
0.4856698777284342,0.48901138898448754,0.5132406933969509,0.5065569732597867,0.49663093916815254,0.4679447011487968,0.5600428265503588,0.44574999482554406,4,0.5844147326904432,0.36366023995503693,0.011282159515062395,0.25943036594305036,0.8498177498635585,0.11987923476053441,0.9460835634483004,0.40383600987353807
0.4856698777284342,0.48901138898448754,0.5132406933969509,0.5065569732597867,0.49663093916815254,0.4679447011487968,0.5600428265503588,0.44574999482554406,4,0.35283282987080344,0.684588922311869,0.3939075909764561,0.6762700635705259,0.8633779544319657,0.22614712527175773,0.8488526858384996,0.0280823691542732
0.4856698777284342,0.48901138898448754,0.5132406933969509,0.5065569732597867,0.49663093916815254,0.4679447011487968,0.5600428265503588,0.44574999482554406,4,0.35560012856923295,0.7050901323953441,0.5346242426684107,0.9406747794134044,0.4405968615404807,0.597784114225675,0.38122242525263994,0.6777486525034752
0.4856698777284342,0.48901138898448754,0.5132406933969509,0.5065569732597867,0.49663093916815254,0.4679447011487968,0.5600428265503588,0.44574999482554406,4,0.5288594632493508,0.0755545884938047,0.08870946497973986,0.14104026757370403,0.4976490110549945,0.23914612794808443,0.6707979978909998,0.5365444893275172
0.4856698777284342,0.48901138898448754,0.5132406933969509,0.5065569732597867,0.49663093916815254,0.4679447011487968,0.5600428265503588,0.44574999482554406,4,0.4614650664301767,0.22230973323701464,0.018329886469477197,0.5373797805657636,0.0231574572548513,0.12447389563197286,0.35898917837398225,0.030660950763591877
0.4856698777284342,0.48901138898448754,0.5132406933969509,0.5065569732597867,0.49663093916815254,0.4679447011487968,0.5600428265503588,0.44574999482554406,4,0.4997949987830078,0.8447918699379042,0.8721960541697691,0.15793908515528077,0.4162218935035381,0.6366162859065818,0.44045450396702046,0.518261375087758
0.4856698777284342,0.48901138898448754,0.5132406933969509,0.5065569732597867,0.49663093916815254,0.4679447011487968,0.5600428265503588,0.44574999482554406,4,0.37524789573221207,0.7395078904406582,0.07045873677253978,0.3064768984766627,0.6810458826502545,0.7204641770085695,0.11447908166517817,0.26898992766130414
0.4856698777284342,0.48901138898448754,0.5132406933969509,0.5065569732597867,0.49663093916815254,0.4679447011487968,0.5600428265503588,0.44574999482554406,4,0.8977889132031934,0.7547076202873878,0.21873678146228615,0.5663498148781895,0.6087890762345045,0.3022002231250721,0.07058176580402176,0.00023566803073027387
0.4856698777284342,0.48901138898448754,0.5132406933969509,0.5065569732597867,0.49663093916815254,0.4679447011487968,0.5600428265503588,0.44574999482554406,4,0.3469587017711744,0.6809532810032495,0.6219905521263781,0.8093497451288846,0.9312109639280494,0.9518937741109308,0.14436679064669355,0.08178170389775619
0.4856698777284342,0.48901138898448754,0.5132406933969509,0.5065569732597867,0.49663093916815254,0.4679447011487968,0.5600428265503588,0.44574999482554406,4,0.697969242881928,0.6565786383241975,0.7715372467656477,0.7782898901102634,0.7152113677174824,0.8904835190212564,0.29197451493967264,0.02249917019197789
0.4856698777284342,0.48901138898448754,0.5132406933969509,0.5065569732597867,0.49663093916815254,0.4679447011487968,0.5600428265503588,0.44574999482554406,4,0.0568365924276536,0.581944345466761,0.5448070904970423,0.17259144556807415,0.4890644311692912,0.7851448167276854,0.6923874417684482,0.06244173893178506
0.4856698777284342,0.48901138898448754,0.5132406933969509,0.5065569732597867,0.49663093916815254,0.4679447011487968,0.5600428265503588,0.44574999482554406,4,0.21686942056074476,0.9824715222997816,0.8739544549284426,0.07263211678423565,0.9114254290233894,0.5686926281665501,0.4222882782686672,0.11350650714867894
0.4856698777284342,0.48901138898448754,0.5132406933969509,0.5065569732597867,0.49663093916815254,0.4679447011487968,0.5600428265503588,0.44574999482554406,4,0.09002205318864431,0.17421945539145278,0.8917379885765486,0.6858659958072402,0.17455944249144417,0.17947707001826496,0.20441395377909477,0.13606540474391748
0.37753406290404934,0.37495907509405,0.1981661289526927,0.3630855519676167,0.4815566551254331,0.07261761121993326,0.6460213087507892,0.3099987459772172,5,0.5164685669125213,0.5326110497901705,0.4633728631449384,0.5052498787073858,0.4970484634459938,0.4910809627747669,0.5301601035809941,0.48462277950235755
0.37939095916493537,0.3093227207520879,0.7799451741756461,0.8766204052642782,0.7882576287315423,0.1696395339007699,0.9548141249729314,0.298499881779828,5,0.5164685669125213,0.5326110497901705,0.4633728631449384,0.5052498787073858,0.4970484634459938,0.4910809627747669,0.5301601035809941,0.48462277950235755
0.030945351421347134,0.6277929390297825,0.5361862869114348,0.7226560242750241,0.7969301389520833,0.8272384370597947,0.030826660144007922,0.10210407534578503,5,0.5164685669125213,0.5326110497901705,0.4633728631449384,0.5052498787073858,0.4970484634459938,0.4910809627747669,0.5301601035809941,0.48462277950235755
0.27737421943981966,0.16116926323843495,0.38340642184403895,0.045954130788048664,0.7239035907376841,0.25398102261862743,0.1270021641422543,0.17198346477000692,5,0.5164685669125213,0.5326110497901705,0.4633728631449384,0.5052498787073858,0.4970484634459938,0.4910809627747669,0.5301601035809941,0.48462277950235755
0.7825811403976438,0.8099123810875473,0.37493684596915,0.11339255589418262,0.6973152452550536,0.6220139336141532,0.011556482414322167,0.9896844385166468,5,0.5164685669125213,0.5326110497901705,0.4633728631449384,0.5052498787073858,0.4970484634459938,0.4910809627747669,0.5301601035809941,0.48462277950235755
0.4858197462769329,0.6181123099884206,0.1733119944850937,0.5738459210692606,0.9242922295699746,0.9368372450253194,0.3911196562081356,0.6623757386858726,5,0.5164685669125213,0.5326110497901705,0.4633728631449384,0.5052498787073858,0.4970484634459938,0.4910809627747669,0.5301601035809941,0.48462277950235755
0.3983232137060563,0.18914878916380617,0.36003578353271093,0.8064412206111932,0.7489398597354517,0.4099952998792086,0.5050780345110809,0.826209352709696,5,0.5164685669125213,0.5326110497901705,0.4633728631449384,0.5052498787073858,0.4970484634459938,0.4910809627747669,0.5301601035809941,0.48462277950235755
0.9359965691749742,0.5339557607264244,0.9428549628327721,0.43402692477742544,0.8082788678426088,0.7385047168128152,0.24285983045282344,0.46711425314515864,5,0.5164685669125213,0.5326110497901705,0.4633728631449384,0.5052498787073858,0.4970484634459938,0.4910809627747669,0.5301601035809941,0.48462277950235755
0.06678798957859822,0.3536025002204709,0.40864984234024404,0.9975666034485486,0.8214365412372346,0.01124297990504275,0.6405476228387924,0.04046226341827652,5,0.5164685669125213,0.5326110497901705,0.4633728631449384,0.5052498787073858,0.4970484634459938,0.4910809627747669,0.5301601035809941,0.48462277950235755
0.20821668827437256,0.12220392232024069,0.6117520831528079,0.4946075671889656,0.23734590535206357,0.0790638908655179,0.7462676099496448,0.283439401326282,5,0.5164685669125213,0.5326110497901705,0.4633728631449384,0.5052498787073858,0.4970484634459938,0.4910809627747669,0.5301601035809941,0.48462277950235755
0.1510861022967731,0.718135972156885,0.5313464319698655,0.2795384878472188,0.38860483332404683,0.9764412949504537,0.9107578506346112,0.8479206041475476,5,0.5164685669125213,0.5326110497901705,0.4633728631449384,0.5052498787073858,0.4970484634459938,0.4910809627747669,0.5301601035809941,0.48462277950235755
0.5033248775285069,0.305300145646373,0.22516136936098474,0.7874749790746481,0.23114964607963118,0.5981473912457176,0.8539760064031298,0.40607594174531114,5,0.5164685669125213,0.5326110497901705,0.4633728631449384,0.5052498787073858,0.4970484634459938,0.4910809627747669,0.5301601035809941,0.48462277950235755
0.27317304160945943,0.3001995265832291,0.5639767356962676,0.9047580633014671,0.586949963113803,0.08491512643786947,0.7268552731758962,0.8800368578470991,5,0.5164685669125213,0.5326110497901705,0.4633728631449384,0.5052498787073858,0.4970484634459938,0.4910809627747669,0.5301601035809941,0.48462277950235755
0.49173004299238354,0.3330910974743718,0.4121992734830785,0.5755408125628072,0.43008594030833036,0.18053327009165532,0.753917068368764,0.717863055890594,5,0.5164685669125213,0.5326110497901705,0.4633728631449384,0.5052498787073858,0.4970484634459938,0.4910809627747669,0.5301601035809941,0.48462277950235755
0.08715852115752076,0.7626061641529398,0.3707733151236642,0.24267768318889782,0.2878434839449441,0.2466954458495635,0.9575476101723052,0.4145158118521304,5,0.5164685669125213,0.5326110497901705,0.4633728631449384,0.5052498787073858,0.4970484634459938,0.4910809627747669,0.5301601035809941,0.48462277950235755
0.6564978181837461,0.33534337282665727,0.579565860508502,0.5309354955412814,0.4517883238389425,0.26987118116561315,0.996231682515955,0.8855476573989102,5,0.5164685669125213,0.5326110497901705,0.4633728631449384,0.5052498787073858,0.4970484634459938,0.4910809627747669,0.5301601035809941,0.48462277950235755
0.7258063068702908,0.3845077112863209,0.0732867848923836,0.3389765217209415,0.971257324806512,0.41670364729039955,0.047399833523893875,0.016680561406642203,5,0.5164685669125213,0.5326110497901705,0.4633728631449384,0.5052498787073858,0.4970484634459938,0.4910809627747669,0.5301601035809941,0.48462277950235755
0.4853450256763784,0.10626676188055995,0.3873198013508623,0.7327310221207906,0.8419213828767625,0.4628342762040669,0.38974395749151436,0.2984505090925462,5,0.5164685669125213,0.5326110497901705,0.4633728631449384,0.5052498787073858,0.4970484634459938,0.4910809627747669,0.5301601035809941,0.48462277950235755
0.16826150947144825,0.8180972733813482,0.8989337695637843,0.10188415688255426,0.03433949284703519,0.010181186207042892,0.035105530484675906,0.12784539912800452,5,0.5164685669125213,0.5326110497901705,0.4633728631449384,0.5052498787073858,0.4970484634459938,0.4910809627747669,0.5301601035809941,0.48462277950235755
0.9332781286490328,0.4127847740548224,0.11965171294499422,0.7400491035896772,0.42968119412314554,0.5473768680550231,0.6249691317910459,0.30377901351142755,5,0.5164685669125213,0.5326110497901705,0.4633728631449384,0.5052498787073858,0.4970484634459938,0.4910809627747669,0.5301601035809941,0.48462277950235755
0.4856698777284342,0.48901138898448754,0.5132406933969509,0.5065569732597867,0.49663093916815254,0.4679447011487968,0.5600428265503588,0.44574999482554406,6,0.7455744440734913,0.8963278682650798,0.11578964021765725,0.06974093781838953,0.3167855379722919,0.7024436813479369,0.3065467977385238,0.9728321351104624
0.4856698777284342,0.48901138898448754,0.5132406933969509,0.5065569732597867,0.49663093916815254,0.4679447011487968,0.5600428265503588,0.44574999482554406,6,0.7365321407734116,0.02349300926102893,0.7600476959569591,0.418773391334716,0.8690283544745849,0.6529214810871456,0.05121805708448457,0.01364795658340967
0.4856698777284342,0.48901138898448754,0.5132406933969509,0.5065569732597867,0.49663093916815254,0.4679447011487968,0.5600428265503588,0.44574999482554406,6,0.338431253294442,0.5269320861322362,0.32194096417682105,0.5860868737768674,0.37043677090355,0.6022062193688353,0.5159489120677027,0.06550867682864803
0.4856698777284342,0.48901138898448754,0.5132406933969509,0.5065569732597867,0.49663093916815254,0.4679447011487968,0.5600428265503588,0.44574999482554406,6,0.22945950182454933,0.9081570022508598,0.7487458074706131,0.5122176638732976,0.377571765342683,0.5370743346167146,0.13055589842386506,0.40241179374117264
0.4856698777284342,0.48901138898448754,0.5132406933969509,0.5065569732597867,0.49663093916815254,0.4679447011487968,0.5600428265503588,0.44574999482554406,6,0.7838279229542505,0.6533072131078527,0.48090614225265704,0.7810908292880027,0.9407459113420372,0.39692251173300286,0.4643535714206686,0.7694623291146856
0.4856698777284342,0.48901138898448754,0.5132406933969509,0.5065569732597867,0.49663093916815254,0.4679447011487968,0.5600428265503588,0.44574999482554406,6,0.9540438759900947,0.4691290834962888,0.10732285372978567,0.6222031318678595,0.21736166932423162,0.38060390313260817,0.4949563643688102,0.6474702606908899
0.4856698777284342,0.48901138898448754,0.5132406933969509,0.5065569732597867,0.49663093916815254,0.4679447011487968,0.5600428265503588,0.44574999482554406,6,0.6018809162732907,0.5297559492902636,0.035805463641130575,0.5472890754742751,0.13400274205067997,0.36824770210180946,0.6269116314852052,0.7107270527348309
0.4856698777284342,0.48901138898448754,0.5132406933969509,0.5065569732597867,0.49663093916815254,0.4679447011487968,0.5600428265503588,0.44574999482554406,6,0.1633312950342487,0.6646844170993377,0.2731642530671835,0.8790189675361078,0.25534371998567895,0.7831016768284944,0.974920759420731,0.9013070803406104
0.4856698777284342,0.48901138898448754,0.5132406933969509,0.5065569732597867,0.49663093916815254,0.4679447011487968,0.5600428265503588,0.44574999482554406,6,0.5459237285431937,0.9842143336846064,0.03356731051981232,0.9824129089424501,0.4756248909395061,0.7571560818991029,0.12884875467436374,0.6138482706925363
0.4856698777284342,0.48901138898448754,0.5132406933969509,0.5065569732597867,0.49663093916815254,0.4679447011487968,0.5600428265503588,0.44574999482554406,6,0.7322588054976962,0.8722129885752958,0.22146374810300395,0.6853315498727155,0.7226178166449571,0.13427666495804902,0.05256337560690416,0.4697612427629192
0.4856698777284342,0.48901138898448754,0.5132406933969509,0.5065569732597867,0.49663093916815254,0.4679447011487968,0.5600428265503588,0.44574999482554406,6,0.38033573022350864,0.781354428837706,0.6661723702656183,0.27088140568751595,0.5529523925508871,0.21973490862166944,0.2894629229743325,0.5305325787670778
0.4856698777284342,0.48901138898448754,0.5132406933969509,0.5065569732597867,0.49663093916815254,0.4679447011487968,0.5600428265503588,0.44574999482554406,6,0.3672157368639586,0.2912700954079326,0.1127654795034827,0.3916611092205994,0.0023423067145803556,0.4389986429179574,0.9561645584440198,0.8968928146880282
0.4856698777284342,0.48901138898448754,0.5132406933969509,0.5065569732597867,0.49663093916815254,0.4679447011487968,0.5600428265503588,0.44574999482554406,6,0.5348930078220678,0.7087065649467231,0.011215175587039439,0.1875769277681204,0.31942520749440695,0.6941041882133556,0.4733053545163386,0.6025413426436789
0.4856698777284342,0.48901138898448754,0.5132406933969509,0.5065569732597867,0.49663093916815254,0.4679447011487968,0.5600428265503588,0.44574999482554406,6,0.9625214533573545,0.5749561855297429,0.6680639572222996,0.005381575738019118,0.6248181349082113,0.7483991920254506,0.6114491866865491,0.3566386577695293
0.4856698777284342,0.48901138898448754,0.5132406933969509,0.5065569732597867,0.49663093916815254,0.4679447011487968,0.5600428265503588,0.44574999482554406,6,0.05369447017758089,0.3476921722868146,0.724145568229798,0.158784923728857,0.6448917169947325,0.08909290592819985,0.831068764120409,0.4154765335903564
0.4856698777284342,0.48901138898448754,0.5132406933969509,0.5065569732597867,0.49663093916815254,0.4679447011487968,0.5600428265503588,0.44574999482554406,6,0.6077541067862605,0.42179327665069466,0.9281837688110243,0.3518720240864791,0.912169889239468,0.09309658651778696,0.7486830111416571,0.5577916184702295
0.4856698777284342,0.48901138898448754,0.5132406933969509,0.5065569732597867,0.49663093916815254,0.4679447011487968,0.5600428265503588,0.44574999482554406,6,0.35141248230659916,0.7145888050044877,0.9636394839948033,0.4731441814497941,0.8054429523525934,0.43811235856575104,0.0906169802064466,0.7669732832296647
0.4856698777284342,0.48901138898448754,0.5132406933969509,0.5065569732597867,0.49663093916815254,0.4679447011487968,0.5600428265503588,0.44574999482554406,6,0.011474074672836121,0.04143886244717321,0.4839963130252187,0.7293480468228846,0.6421999656749902,0.13283234770050634,0.9273138027481204,0.861917970902094
0.4856698777284342,0.48901138898448754,0.5132406933969509,0.5065569732597867,0.49663093916815254,0.4679447011487968,0.5600428265503588,0.44574999482554406,6,0.6165125550306846,0.7026620954721212,0.08997367410292134,0.4208314267362686,0.7316375795437545,0.28221371893799807,0.05794388853328247,0.8921842231586256
0.4856698777284342,0.48901138898448754,0.5132406933969509,0.5065569732597867,0.49663093916815254,0.4679447011487968,0.5600428265503588,0.44574999482554406,6,0.1842934596089233,0.5711011707692756,0.23179248415206866,0.7547347277821984,0.8971929770229293,0.9380764462995227,0.46187187317903233,0.6850207877810341
0.7096041833998213,0.572192639251133,0.1094681056084229,0.9618159019818747,0.26506243918291117,0.95790874432592,0.6137926945334655,0.6599460732602642,9,0.5164685669125213,0.5326110497901705,0.4633728631449384,0.5052498787073858,0.4970484634459938,0.4910809627747669,0.5301601035809941,0.48462277950235755
0.6903459604856306,0.6128467990178269,0.957794443389674,0.9215976657988463,0.942306793774526,0.03580901713562212,0.3654237672954853,0.9839785291091782,9,0.5164685669125213,0.5326110497901705,0.4633728631449384,0.5052498787073858,0.4970484634459938,0.4910809627747669,0.5301601035809941,0.48462277950235755
0.15800909960757725,0.9769706742420496,0.9184077041835117,0.15710072904275374,0.8501353524089754,0.2946045773863343,0.018385362354162882,0.05676989784435371,9,0.5164685669125213,0.5326110497901705,0.4633728631449384,0.5052498787073858,0.4970484634459938,0.4910809627747669,0.5301601035809941,0.48462277950235755
0.8345764978107695,0.39079982189461104,0.15029825347354608,0.595304660246823,0.1811322016610507,0.8450485909169148,0.4646875374430902,0.3976401972304153,9,0.5164685669125213,0.5326110497901705,0.4633728631449384,0.5052498787073858,0.4970484634459938,0.4910809627747669,0.5301601035809941,0.48462277950235755
0.9884209421981647,0.28938912851124055,0.07888207577066908,0.47991710286793354,0.3552033787713125,0.15081236425121025,0.021415853887757574,0.2641136653650247,9,0.5164685669125213,0.5326110497901705,0.4633728631449384,0.5052498787073858,0.4970484634459938,0.4910809627747669,0.5301601035809941,0.48462277950235755
0.910960240130101,0.586597762792831,0.6995318508550225,0.7653237414815066,0.8854159057539083,0.3983117138922415,0.9678407142571113,0.4109909786708702,9,0.5164685669125213,0.5326110497901705,0.4633728631449384,0.5052498787073858,0.4970484634459938,0.4910809627747669,0.5301601035809941,0.48462277950235755
0.33607045928597534,0.8238586753560873,0.881835292109273,0.8113652967621596,0.44816647514445485,0.23766529537053016,0.3645106607130253,0.5133670900133543,9,0.5164685669125213,0.5326110497901705,0.4633728631449384,0.5052498787073858,0.4970484634459938,0.4910809627747669,0.5301601035809941,0.48462277950235755
0.7427098868232714,0.6197645919363389,0.37347327604292335,0.8994639893126551,0.2630489983348212,0.5425550325176769,0.8523511767879929,0.9680434787845579,9,0.5164685669125213,0.5326110497901705,0.4633728631449384,0.5052498787073858,0.4970484634459938,0.4910809627747669,0.5301601035809941,0.48462277950235755
0.11425835829427644,0.4426818020079504,0.8197838887818636,1.0558166152252468e-05,0.023962183875564924,0.4222705910961615,0.6132642540570773,0.7705076590459734,9,0.5164685669125213,0.5326110497901705,0.4633728631449384,0.5052498787073858,0.4970484634459938,0.4910809627747669,0.5301601035809941,0.48462277950235755
0.5182868463543845,0.9916375810536051,0.6102779812612095,0.8001048756983301,0.07888949334067963,0.6785883173705721,0.010518393215076971,0.20793181614578693,9,0.5164685669125213,0.5326110497901705,0.4633728631449384,0.5052498787073858,0.4970484634459938,0.4910809627747669,0.5301601035809941,0.48462277950235755
0.37399198231249375,0.44792994901877803,0.7080561274169017,0.7637920357603724,0.3279256993100157,0.45583170636362624,0.48709093707158857,0.006020323383546078,9,0.5164685669125213,0.5326110497901705,0.4633728631449384,0.5052498787073858,0.4970484634459938,0.4910809627747669,0.5301601035809941,0.48462277950235755
0.5807854825154789,0.5250693654408471,0.21142027464411106,0.5187448135143414,0.9403290611615198,0.6645933372115852,0.7002586280346885,0.39103365422881997,9,0.5164685669125213,0.5326110497901705,0.4633728631449384,0.5052498787073858,0.4970484634459938,0.4910809627747669,0.5301601035809941,0.48462277950235755
0.7428916964368224,0.3630630816561047,0.26967436081709717,0.973465963536325,0.5863266806869346,0.7804438530666463,0.8200533850785329,0.09014163549385323,9,0.5164685669125213,0.5326110497901705,0.4633728631449384,0.5052498787073858,0.4970484634459938,0.4910809627747669,0.5301601035809941,0.48462277950235755
0.02847081547795849,0.15669938415325102,0.5949454555393076,0.2934832971633574,0.9436512489596135,0.7383369252246385,0.9480968853692967,0.9882916820451814,9,0.5164685669125213,0.5326110497901705,0.4633728631449384,0.5052498787073858,0.4970484634459938,0.4910809627747669,0.5301601035809941,0.48462277950235755
0.956760709465773,0.22735339639600427,0.3186987426566086,0.9208483481070145,0.43589677957203565,0.6633642468547977,0.578154031045114,0.2216494558448242,9,0.5164685669125213,0.5326110497901705,0.4633728631449384,0.5052498787073858,0.4970484634459938,0.4910809627747669,0.5301601035809941,0.48462277950235755
0.27630986211331865,0.335174214252543,0.3919337776876918,0.7280864161702751,0.24775938510348283,0.29054383073222967,0.510426048245521,0.7657875372271368,9,0.5164685669125213,0.5326110497901705,0.4633728631449384,0.5052498787073858,0.4970484634459938,0.4910809627747669,0.5301601035809941,0.48462277950235755
0.6600825504068103,0.34162834808666376,0.28655190568337185,0.7182475400696202,0.901427352394996,0.39340582681546665,0.250447864641994,0.42850860953486625,9,0.5164685669125213,0.5326110497901705,0.4633728631449384,0.5052498787073858,0.4970484634459938,0.4910809627747669,0.5301601035809941,0.48462277950235755
0.13627637757160171,0.1375477142594035,0.7869316940866032,0.3543132213918392,0.1920619062851303,0.5168319755421531,0.014310088751069094,0.1585826710620174,9,0.5164685669125213,0.5326110497901705,0.4633728631449384,0.5052498787073858,0.4970484634459938,0.4910809627747669,0.5301601035809941,0.48462277950235755
0.4204829878335069,0.7797348961097705,0.2818996344527367,0.30597020080171533,0.6992219633441892,0.3885000086022756,0.6229251945097419,0.7924426725490112,9,0.5164685669125213,0.5326110497901705,0.4633728631449384,0.5052498787073858,0.4970484634459938,0.4910809627747669,0.5301601035809941,0.48462277950235755
0.977847109498176,0.33924251172837705,0.9121005706250004,0.6944339184897621,0.7841485523256536,0.7133542074981887,0.27826932747504063,0.057947246141479725,9,0.5164685669125213,0.5326110497901705,0.4633728631449384,0.5052498787073858,0.4970484634459938,0.4910809627747669,0.5301601035809941,0.48462277950235755
0.4856698777284342,0.48901138898448754,0.5132406933969509,0.5065569732597867,0.49663093916815254,0.4679447011487968,0.5600428265503588,0.44574999482554406,10,0.9566139416685695,0.30259172038825455,0.05657108766852814,0.4507202339945364,0.6802902443404982,0.9640208751427363,0.6779960524966498,0.2378753534331618
0.4856698777284342,0.48901138898448754,0.5132406933969509,0.5065569732597867,0.49663093916815254,0.4679447011487968,0.5600428265503588,0.44574999482554406,10,0.9239761139583855,0.7334176327598607,0.929622919362348,0.999656872045136,0.4079710895844073,0.6072616937647182,0.6228702385676536,0.678289423887472
0.4856698777284342,0.48901138898448754,0.5132406933969509,0.5065569732597867,0.49663093916815254,0.4679447011487968,0.5600428265503588,0.44574999482554406,10,0.01735432000389714,0.821767885153299,0.8373216171080817,0.11578270784197064,0.4068924684164342,0.9430053489391824,0.5335269455091735,0.22929954556240362
0.4856698777284342,0.48901138898448754,0.5132406933969509,0.5065569732597867,0.49663093916815254,0.4679447011487968,0.5600428265503588,0.44574999482554406,10,0.32315562137234155,0.5093443437732719,0.09358407340362707,0.5092589839428224,0.009521033027811376,0.3542115137398826,0.6900949156133446,0.10384224553829158
0.4856698777284342,0.48901138898448754,0.5132406933969509,0.5065569732597867,0.49663093916815254,0.4679447011487968,0.5600428265503588,0.44574999482554406,10,0.5287612228141767,0.3173719608032244,0.4235022532457009,0.46717849470872574,0.9935768452427683,0.4559838062396717,0.08108153096537485,0.7838579612327254
0.4856698777284342,0.48901138898448754,0.5132406933969509,0.5065569732597867,0.49663093916815254,0.4679447011487968,0.5600428265503588,0.44574999482554406,10,0.7391191199569375,0.4650607889171309,0.19125583506789745,0.803332647124028,0.06833474945562068,0.30297392591424666,0.9109783011512715,0.808652771835004
0.4856698777284342,0.48901138898448754,0.5132406933969509,0.5065569732597867,0.49663093916815254,0.4679447011487968,0.5600428265503588,0.44574999482554406,10,0.9201323269999558,0.7336775463285765,0.3182998895182939,0.9394952488909908,0.14693733625101668,0.47008633624694685,0.9104009015278713,0.598559983557736
0.4856698777284342,0.48901138898448754,0.5132406933969509,0.5065569732597867,0.49663093916815254,0.4679447011487968,0.5600428265503588,0.44574999482554406,10,0.24359614527585427,0.10662158136001454,0.5530958670107563,0.06108391510158506,0.620289353046594,0.3363991478541626,0.586931185563343,0.5318956709714532
0.4856698777284342,0.48901138898448754,0.5132406933969509,0.5065569732597867,0.49663093916815254,0.4679447011487968,0.5600428265503588,0.44574999482554406,10,0.6937816135266142,0.14734574263710987,0.09507437764017046,0.7765267333098688,0.5590514743933551,0.9250599839252583,0.9046915372638037,0.7548422443378385
0.4856698777284342,0.48901138898448754,0.5132406933969509,0.5065569732597867,0.49663093916815254,0.4679447011487968,0.5600428265503588,0.44574999482554406,10,0.6603105723678663,0.023885154924302765,0.04699263338778248,0.8672688823666382,0.12251044237993391,0.016117692039203324,0.31240969919173467,0.41640739379735936
0.4856698777284342,0.48901138898448754,0.5132406933969509,0.5065569732597867,0.49663093916815254,0.4679447011487968,0.5600428265503588,0.44574999482554406,10,0.9593373614230132,0.8189117610172204,0.13135537783853368,0.8517902254605227,0.6400145648652552,0.6895685358923282,0.25504708229179873,0.5447358213623293
0.4856698777284342,0.48901138898448754,0.5132406933969509,0.5065569732597867,0.49663093916815254,0.4679447011487968,0.5600428265503588,0.44574999482554406,10,0.9787018522865801,0.4654935713612689,0.3114938738171491,0.8247821627641303,0.32834747907409745,0.6257979882262936,0.7541794785143401,0.9200224216623749
0.4856698777284342,0.48901138898448754,0.5132406933969509,0.5065569732597867,0.49663093916815254,0.4679447011487968,0.5600428265503588,0.44574999482554406,10,0.5833969420533721,0.8815446807694615,0.964077399810608,0.04967287529842346,0.10369658150420369,0.4224437324333804,0.33127493841977407,0.29234896801134347
0.4856698777284342,0.48901138898448754,0.5132406933969509,0.5065569732597867,0.49663093916815254,0.4679447011487968,0.5600428265503588,0.44574999482554406,10,0.7069363478550402,0.5162926198227121,0.3248044863520313,0.00731214474982067,0.3718090068429386,0.5353498755030459,0.08553733871443181,0.043339913419867204
0.4856698777284342,0.48901138898448754,0.5132406933969509,0.5065569732597867,0.49663093916815254,0.4679447011487968,0.5600428265503588,0.44574999482554406,10,0.9714473816323075,0.840075413509465,0.1059804347497898,0.07015725671403639,0.1626728139854121,0.1867284403097721,0.7890282824903453,0.09576144540400966
0.4856698777284342,0.48901138898448754,0.5132406933969509,0.5065569732597867,0.49663093916815254,0.4679447011487968,0.5600428265503588,0.44574999482554406,10,0.3481237211237034,0.5580918746259891,0.4860791397027062,0.6727331955720448,0.9288978841645259,0.18588950206810817,0.4766757472845925,0.7001596736721841
0.4856698777284342,0.48901138898448754,0.5132406933969509,0.5065569732597867,0.49663093916815254,0.4679447011487968,0.5600428265503588,0.44574999482554406,10,0.3133769772274819,0.6063331567309268,0.5057787389650703,0.1017179315113883,0.968883018328144,0.7989428001373428,0.7805555909693139,0.10679189571204395
0.4856698777284342,0.48901138898448754,0.5132406933969509,0.5065569732597867,0.49663093916815254,0.4679447011487968,0.5600428265503588,0.44574999482554406,10,0.4704389470777063,0.8434117361699157,0.9753208631968767,0.23832768965507567,0.6159648835384923,0.9346110392925222,0.4155903593227429,0.5088207005987104
0.4856698777284342,0.48901138898448754,0.5132406933969509,0.5065569732597867,0.49663093916815254,0.4679447011487968,0.5600428265503588,0.44574999482554406,10,0.9275651533974839,0.5192949162476186,0.6693482990008265,0.14593435789096354,0.8617862451096762,0.4106988262331781,0.8856722602407242,0.21053969479751966
0.4856698777284342,0.48901138898448754,0.5132406933969509,0.5065569732597867,0.49663093916815254,0.4679447011487968,0.5600428265503588,0.44574999482554406,10,0.8694912510493018,0.3702453828064549,0.7580155506976234,0.45663093658260867,0.081462008083931,0.3068709001806592,0.5742812257625531,0.12746832774434125
